Fund,Min,P10,Q1,Median,Q3,P90,Max
Aggressive Investors,543042.68,1780293.8760000002,2421815.7425,3376244.83,4791972.495,6039282.288,10863694.03
Balanced Investors,1212350.41,3763485.71,4878428.425,6465867.16,8134901.645,9956655.72,15146278.57
Conservative Investors,1427326.75,4040822.7320000003,5455127.52,7131854.51,8949894.2,10822148.88,16143269.75
Pre-Retirees,1308084.08,4873617.113,6227353.5024999995,7981320.92,10341406.2925,12672100.285,18636619.8
Second Chance Retirees,666650.78,2134520.9310000003,2785854.8625,3920717.1900000004,5578928.785,6869084.810000005,11813941.01

