feature,importance
risk_score,0.701480206271436
age,0.15408609773871304
risk_age_interaction,0.01791049158995718
asset_per_dependent,0.00044315460187000443
marital_encoded,0.00029533377122640864
log_total_asset,0.0002866253081867743
state_encoded,0.00021309432480910517
risk_category,9.305062633624705e-05
gender_encoded,8.442641698554166e-05
num_dependents,7.6634578845303e-05
age_group,3.088477163435739e-05
